structure,operation,n,avg_time_us
unsorted_array,search,500,0.585000
unsorted_array,insert,500,0.006000
unsorted_array,delete,500,0.025500
unsorted_array,max,500,1.128500
unsorted_array,min,500,1.332500
unsorted_array,predecessor,500,2.508000
unsorted_array,successor,500,2.626000
sorted_array,search,500,0.141000
sorted_array,insert,500,3.373500
sorted_array,delete,500,1.792000
sorted_array,max,500,0.004000
sorted_array,min,500,0.020000
sorted_array,predecessor,500,0.143500
sorted_array,successor,500,0.142000
sll_unsorted,search,500,0.833000
sll_unsorted,insert,500,0.075000
sll_unsorted,delete,500,0.867000
sll_unsorted,max,500,1.591500
sll_unsorted,min,500,1.514000
sll_unsorted,predecessor,500,2.735000
sll_unsorted,successor,500,2.789000
sll_sorted,search,500,0.744500
sll_sorted,insert,500,0.285500
sll_sorted,delete,500,2.073500
sll_sorted,max,500,2.055500
sll_sorted,min,500,0.006000
sll_sorted,predecessor,500,0.980000
sll_sorted,successor,500,0.927000
dll_unsorted,search,500,0.983000
dll_unsorted,insert,500,0.092500
dll_unsorted,delete,500,0.041000
dll_unsorted,max,500,1.728500
dll_unsorted,min,500,1.969000
dll_unsorted,predecessor,500,2.412500
dll_unsorted,successor,500,2.536000
dll_sorted,search,500,0.840500
dll_sorted,insert,500,0.081500
dll_sorted,delete,500,0.033500
dll_sorted,max,500,0.004000
dll_sorted,min,500,0.004000
dll_sorted,predecessor,500,0.772000
dll_sorted,successor,500,0.786500
unsorted_array,search,1000,1.270500
unsorted_array,insert,1000,0.005500
unsorted_array,delete,1000,0.025500
unsorted_array,max,1000,2.249000
unsorted_array,min,1000,2.599500
unsorted_array,predecessor,1000,5.800000
unsorted_array,successor,1000,7.381000
sorted_array,search,1000,0.154500
sorted_array,insert,1000,7.191000
sorted_array,delete,1000,3.598500
sorted_array,max,1000,0.004500
sorted_array,min,1000,0.004000
sorted_array,predecessor,1000,0.159000
sorted_array,successor,1000,0.154500
sll_unsorted,search,1000,1.905500
sll_unsorted,insert,1000,0.131500
sll_unsorted,delete,1000,2.125500
sll_unsorted,max,1000,3.980000
sll_unsorted,min,1000,3.861500
sll_unsorted,predecessor,1000,6.712000
sll_unsorted,successor,1000,6.786500
sll_sorted,search,1000,1.685500
sll_sorted,insert,1000,0.078000
sll_sorted,delete,1000,3.896000
sll_sorted,max,1000,4.395500
sll_sorted,min,1000,0.005000
sll_sorted,predecessor,1000,1.993000
sll_sorted,successor,1000,1.841000
dll_unsorted,search,1000,1.586500
dll_unsorted,insert,1000,0.074500
dll_unsorted,delete,1000,0.033500
dll_unsorted,max,1000,3.732500
dll_unsorted,min,1000,4.819000
dll_unsorted,predecessor,1000,7.440500
dll_unsorted,successor,1000,6.031000
dll_sorted,search,1000,1.617500
dll_sorted,insert,1000,0.078000
dll_sorted,delete,1000,0.044500
dll_sorted,max,1000,0.004500
dll_sorted,min,1000,0.004000
dll_sorted,predecessor,1000,2.114000
dll_sorted,successor,1000,1.839500
unsorted_array,search,2000,4.404500
unsorted_array,insert,2000,0.009000
unsorted_array,delete,2000,0.040000
unsorted_array,max,2000,6.257500
unsorted_array,min,2000,7.752500
unsorted_array,predecessor,2000,17.129500
unsorted_array,successor,2000,15.284000
sorted_array,search,2000,0.177500
sorted_array,insert,2000,14.482000
sorted_array,delete,2000,6.386000
sorted_array,max,2000,0.004000
sorted_array,min,2000,0.004000
sorted_array,predecessor,2000,0.182500
sorted_array,successor,2000,0.171000
sll_unsorted,search,2000,3.632500
sll_unsorted,insert,2000,0.075500
sll_unsorted,delete,2000,3.791000
sll_unsorted,max,2000,7.884000
sll_unsorted,min,2000,7.949500
sll_unsorted,predecessor,2000,17.366000
sll_unsorted,successor,2000,19.176500
sll_sorted,search,2000,6.685000
sll_sorted,insert,2000,0.140500
sll_sorted,delete,2000,14.023000
sll_sorted,max,2000,14.321500
sll_sorted,min,2000,0.005000
sll_sorted,predecessor,2000,5.500000
sll_sorted,successor,2000,5.305000
dll_unsorted,search,2000,3.726500
dll_unsorted,insert,2000,0.077000
dll_unsorted,delete,2000,0.039500
dll_unsorted,max,2000,7.503000
dll_unsorted,min,2000,7.454000
dll_unsorted,predecessor,2000,14.558500
dll_unsorted,successor,2000,17.302500
dll_sorted,search,2000,5.817000
dll_sorted,insert,2000,0.082000
dll_sorted,delete,2000,0.048500
dll_sorted,max,2000,0.005000
dll_sorted,min,2000,0.004000
dll_sorted,predecessor,2000,5.311500
dll_sorted,successor,2000,5.228000
unsorted_array,search,4000,6.185500
unsorted_array,insert,4000,0.006000
unsorted_array,delete,4000,0.027000
unsorted_array,max,4000,9.830500
unsorted_array,min,4000,11.183500
unsorted_array,predecessor,4000,28.711000
unsorted_array,successor,4000,26.740000
sorted_array,search,4000,0.255500
sorted_array,insert,4000,30.525000
sorted_array,delete,4000,18.857500
sorted_array,max,4000,0.005000
sorted_array,min,4000,0.004000
sorted_array,predecessor,4000,0.263000
sorted_array,successor,4000,0.212000
sll_unsorted,search,4000,8.520500
sll_unsorted,insert,4000,0.139000
sll_unsorted,delete,4000,10.893000
sll_unsorted,max,4000,19.221000
sll_unsorted,min,4000,20.306500
sll_unsorted,predecessor,4000,32.620500
sll_unsorted,successor,4000,32.073500
sll_sorted,search,4000,11.554500
sll_sorted,insert,4000,0.076500
sll_sorted,delete,4000,24.797000
sll_sorted,max,4000,27.510500
sll_sorted,min,4000,0.005000
sll_sorted,predecessor,4000,12.415500
sll_sorted,successor,4000,11.891000
dll_unsorted,search,4000,7.638000
dll_unsorted,insert,4000,0.075000
dll_unsorted,delete,4000,0.037500
dll_unsorted,max,4000,14.511500
dll_unsorted,min,4000,14.373000
dll_unsorted,predecessor,4000,28.589000
dll_unsorted,successor,4000,31.413500
dll_sorted,search,4000,14.966000
dll_sorted,insert,4000,0.139500
dll_sorted,delete,4000,0.121000
dll_sorted,max,4000,0.008500
dll_sorted,min,4000,0.008500
dll_sorted,predecessor,4000,14.131500
dll_sorted,successor,4000,14.993500
unsorted_array,search,8000,16.473500
unsorted_array,insert,8000,0.009000
unsorted_array,delete,8000,0.042500
unsorted_array,max,8000,33.497500
unsorted_array,min,8000,34.330500
unsorted_array,predecessor,8000,76.507000
unsorted_array,successor,8000,74.848500
sorted_array,search,8000,0.302000
sorted_array,insert,8000,58.206500
sorted_array,delete,8000,27.831500
sorted_array,max,8000,0.004500
sorted_array,min,8000,0.004000
sorted_array,predecessor,8000,0.293500
sorted_array,successor,8000,0.257000
sll_unsorted,search,8000,15.674500
sll_unsorted,insert,8000,0.077000
sll_unsorted,delete,8000,15.443000
sll_unsorted,max,8000,32.458500
sll_unsorted,min,8000,32.736500
sll_unsorted,predecessor,8000,71.814000
sll_unsorted,successor,8000,68.993500
sll_sorted,search,8000,28.657000
sll_sorted,insert,8000,0.097500
sll_sorted,delete,8000,79.858500
sll_sorted,max,8000,55.237000
sll_sorted,min,8000,0.005000
sll_sorted,predecessor,8000,26.485500
sll_sorted,successor,8000,24.711500
dll_unsorted,search,8000,14.718000
dll_unsorted,insert,8000,0.075500
dll_unsorted,delete,8000,0.039500
dll_unsorted,max,8000,29.955500
dll_unsorted,min,8000,30.559500
dll_unsorted,predecessor,8000,62.605500
dll_unsorted,successor,8000,67.744000
dll_sorted,search,8000,27.970500
dll_sorted,insert,8000,0.078500
dll_sorted,delete,8000,0.052500
dll_sorted,max,8000,0.005000
dll_sorted,min,8000,0.004000
dll_sorted,predecessor,8000,27.195000
dll_sorted,successor,8000,28.092500
unsorted_array,search,16000,20.124000
unsorted_array,insert,16000,0.015000
unsorted_array,delete,16000,0.026000
unsorted_array,max,16000,34.668500
unsorted_array,min,16000,42.131500
unsorted_array,predecessor,16000,142.160000
unsorted_array,successor,16000,140.102000
sorted_array,search,16000,0.356500
sorted_array,insert,16000,126.559000
sorted_array,delete,16000,56.885000
sorted_array,max,16000,0.005000
sorted_array,min,16000,0.003500
sorted_array,predecessor,16000,0.320500
sorted_array,successor,16000,0.290000
sll_unsorted,search,16000,29.652500
sll_unsorted,insert,16000,0.077000
sll_unsorted,delete,16000,36.677000
sll_unsorted,max,16000,74.623000
sll_unsorted,min,16000,71.419500
sll_unsorted,predecessor,16000,135.969000
sll_unsorted,successor,16000,135.721500
sll_sorted,search,16000,131.945000
sll_sorted,insert,16000,0.094000
sll_sorted,delete,16000,249.228500
sll_sorted,max,16000,229.198000
sll_sorted,min,16000,0.005000
sll_sorted,predecessor,16000,107.616500
sll_sorted,successor,16000,101.658000
dll_unsorted,search,16000,32.332000
dll_unsorted,insert,16000,0.137500
dll_unsorted,delete,16000,0.046000
dll_unsorted,max,16000,72.472500
dll_unsorted,min,16000,70.649500
dll_unsorted,predecessor,16000,130.662500
dll_unsorted,successor,16000,141.250000
dll_sorted,search,16000,108.496000
dll_sorted,insert,16000,0.149000
dll_sorted,delete,16000,0.072000
dll_sorted,max,16000,0.005000
dll_sorted,min,16000,0.004500
dll_sorted,predecessor,16000,125.071500
dll_sorted,successor,16000,99.629500
unsorted_array,search,32000,37.663000
unsorted_array,insert,32000,0.005500
unsorted_array,delete,32000,0.026000
unsorted_array,max,32000,71.362500
unsorted_array,min,32000,99.948000
unsorted_array,predecessor,32000,248.796500
unsorted_array,successor,32000,214.325500
sorted_array,search,32000,0.379000
sorted_array,insert,32000,242.694000
sorted_array,delete,32000,105.797000
sorted_array,max,32000,0.006000
sorted_array,min,32000,0.005000
sorted_array,predecessor,32000,0.381000
sorted_array,successor,32000,0.369500
sll_unsorted,search,32000,75.339000
sll_unsorted,insert,32000,0.078000
sll_unsorted,delete,32000,77.198000
sll_unsorted,max,32000,161.450500
sll_unsorted,min,32000,162.093500
sll_unsorted,predecessor,32000,293.468500
sll_unsorted,successor,32000,296.057500
sll_sorted,search,32000,339.446500
sll_sorted,insert,32000,0.085000
sll_sorted,delete,32000,672.317000
sll_sorted,max,32000,701.980500
sll_sorted,min,32000,0.005000
sll_sorted,predecessor,32000,344.075000
sll_sorted,successor,32000,315.177000
dll_unsorted,search,32000,64.847500
dll_unsorted,insert,32000,0.080000
dll_unsorted,delete,32000,0.047000
dll_unsorted,max,32000,154.014500
dll_unsorted,min,32000,155.966000
dll_unsorted,predecessor,32000,277.602000
dll_unsorted,successor,32000,286.429500
dll_sorted,search,32000,343.014000
dll_sorted,insert,32000,0.085500
dll_sorted,delete,32000,0.081500
dll_sorted,max,32000,0.005000
dll_sorted,min,32000,0.004500
dll_sorted,predecessor,32000,353.374000
dll_sorted,successor,32000,339.073000
